split,site,model,AUPRC,F1,FAR,Recall,Precision
fixed,8,Flat HGB,0.7145386343273581,0.6307277628032345,87.21624850657109,0.8096885813148789,0.5165562913907285
fixed,8,STEC-HGB,0.9421070362037233,0.8703374777975134,11.549183592194344,0.8477508650519031,0.8941605839416058
fixed,9,Flat HGB,0.5881199646359658,0.5688405797101449,72.14506172839506,0.7548076923076923,0.4563953488372093
fixed,9,STEC-HGB,0.9173077508776453,0.8627450980392157,9.25925925925926,0.8461538461538461,0.88
fixed,10,Flat HGB,0.5748049613511484,0.5586592178770949,74.41503644035289,0.7772020725388601,0.436046511627907
fixed,10,STEC-HGB,0.9349684524054489,0.8709677419354839,6.520905255082471,0.8393782383419689,0.9050279329608939
fixed,11,Flat HGB,0.6209344306570049,0.6217765042979942,84.12322274881517,0.8097014925373134,0.5046511627906977
fixed,11,STEC-HGB,0.9378132982952437,0.8854961832061069,9.47867298578199,0.8656716417910447,0.90625
LOSO,0,Flat HGB,0.5324478783240191,0.5741811175337187,68.25153374233129,0.7760416666666666,0.45565749235474007
LOSO,0,STEC-HGB,0.9456508808404416,0.8717948717948718,10.736196319018404,0.8854166666666666,0.8585858585858586
LOSO,1,Flat HGB,0.6438638595304178,0.6253521126760564,87.24832214765101,0.8314606741573034,0.5011286681715575
LOSO,1,STEC-HGB,0.9467697334717666,0.8807339449541285,15.001973943939992,0.898876404494382,0.8633093525179856
LOSO,2,Flat HGB,0.45669052982470976,0.5092936802973977,85.39839878002287,0.7740112994350282,0.37950138504155123
LOSO,2,STEC-HGB,0.9203137468443922,0.835820895522388,6.862371330537552,0.7909604519774012,0.8860759493670886
LOSO,3,Flat HGB,0.6247578672738943,0.6254180602006689,66.43220007815553,0.7759336099585062,0.5238095238095238
LOSO,3,STEC-HGB,0.9277928754713441,0.8582834331337326,17.584994138335286,0.8921161825726142,0.8269230769230769
LOSO,4,Flat HGB,0.6097117426353421,0.6128133704735376,85.7823669579031,0.7801418439716312,0.5045871559633027
LOSO,4,STEC-HGB,0.9539429992643995,0.8784029038112523,10.722795869737887,0.8581560283687943,0.8996282527881041
LOSO,5,Flat HGB,0.5829037741451456,0.5862068965517241,55.188495919160516,0.6740088105726872,0.5186440677966102
LOSO,5,STEC-HGB,0.9554691486686868,0.8943820224719101,7.384376214535561,0.8766519823788547,0.9128440366972477
LOSO,6,Flat HGB,0.6239931767199902,0.6022544283413849,67.7698975571316,0.7137404580152672,0.520891364902507
LOSO,6,STEC-HGB,0.947592071129971,0.899009900990099,6.304176516942475,0.8664122137404581,0.934156378600823
LOSO,7,Flat HGB,0.4833152215968126,0.5019157088122606,73.46153846153847,0.655,0.40683229813664595
LOSO,7,STEC-HGB,0.8935149080811284,0.8263157894736842,8.846153846153847,0.785,0.8722222222222222
LOSO,8,Flat HGB,0.6795452770197578,0.6198083067092651,66.24605678233438,0.7348484848484849,0.5359116022099447
LOSO,8,STEC-HGB,0.9456756945951248,0.8838951310861424,13.406940063091483,0.8939393939393939,0.8740740740740741
LOSO,9,Flat HGB,0.5802313687854916,0.5370370370370371,45.349730976172175,0.5858585858585859,0.49572649572649574
LOSO,9,STEC-HGB,0.9230235958148262,0.8398950131233596,8.83935434281322,0.8080808080808081,0.8743169398907104
LOSO,10,Flat HGB,0.5514847592373984,0.49523809523809526,87.63277693474961,0.7926829268292683,0.3601108033240997
LOSO,10,STEC-HGB,0.900964458088622,0.8430769230769231,9.104704097116844,0.8353658536585366,0.8509316770186336
LOSO,11,Flat HGB,0.600939013971588,0.6188340807174888,81.6967792615868,0.8149606299212598,0.4987951807228916
LOSO,11,STEC-HGB,0.9371673040072802,0.8832684824902723,12.961508248232521,0.8937007874015748,0.8730769230769231
