setting,group,AUPRC,F1,FAR,Recall,Precision
tau=10 s,tau,0.9287326313411469,0.8580894533406958,7.420425698105839,0.8110647181628392,0.9109026963657679
tau=60 s,tau,0.9313940892221192,0.8558659217877095,6.444053895723491,0.7995824634655533,0.9206730769230769
tau=90 s,tau,0.9306474498176354,0.8681917211328976,7.9086115992970125,0.8319415448851775,0.907744874715262
lambda=0.8,lambda,0.9352165736416612,0.8434430964760254,4.198398750244093,0.7620041753653445,0.944372574385511
lambda=3.2,lambda,0.9263637647486366,0.8608554412560909,9.177894942394063,0.8298538622129437,0.8942632170978627
uniform weights (all 1.0),weights,0.9309996029994356,0.8749334752527941,9.666080843585238,0.8580375782881002,0.8925081433224755
shuffled weights #1,weights_shuffled,0.9301522750418242,0.8729641693811075,7.810974419058778,0.8392484342379958,0.9095022624434389
shuffled weights #2,weights_shuffled,0.9201721057301078,0.853672004417449,7.810974419058778,0.8068893528183716,0.9062133645955451
shuffled weights #3,weights_shuffled,0.915353899854006,0.8526713437668646,10.251903925014645,0.824634655532359,0.88268156424581
shuffled weights #4,weights_shuffled,0.921868095684882,0.8524768644529124,9.373169302870533,0.8173277661795407,0.8907849829351536
shuffled weights #5,weights_shuffled,0.9265860119084834,0.8649203903441192,14.352665495020505,0.8789144050104384,0.8513650151668352
noisy weights (x lognormal 0.5) #1,weights_noisy,0.9335478909428536,0.8717948717948718,9.568443663347002,0.8517745302713987,0.8927789934354485
noisy weights (x lognormal 0.5) #2,weights_noisy,0.9345574932131725,0.8736616702355461,9.177894942394063,0.8517745302713987,0.8967032967032967
noisy weights (x lognormal 0.5) #3,weights_noisy,0.9320637984793932,0.8691539674198634,11.521187268111698,0.8632567849686847,0.8751322751322751
noisy weights (x lognormal 0.5) #4,weights_noisy,0.9279443352589244,0.8616557734204793,8.494434680726421,0.8256784968684759,0.9009111617312073
noisy weights (x lognormal 0.5) #5,weights_noisy,0.9315165307800117,0.8710199676200756,8.592071860964655,0.8423799582463466,0.9016759776536313
no sequence templates,sequences,0.9245891847483365,0.8549019607843137,6.248779535247022,0.7964509394572025,0.9226118500604595
random sequence templates #1,sequences_random,0.920544671629692,0.8562532433834976,14.0597539543058,0.8611691022964509,0.8513931888544891
random sequence templates #2,sequences_random,0.9211797010416772,0.8539944903581267,8.006248779535246,0.8089770354906054,0.9043173862310385
random sequence templates #3,sequences_random,0.9223550849412467,0.8547763666482606,7.713337238820543,0.8079331941544885,0.9073856975381008
random sequence templates #4,sequences_random,0.923155648189956,0.846979107848673,6.151142355008787,0.7828810020876826,0.922509225092251
random sequence templates #5,sequences_random,0.9250554406538967,0.8539199097574732,5.662956453817614,0.7901878914405011,0.9288343558282208
