family,model,recall_seen,recall_unseen
unauthorized_entry,Flat HGB,0.8352941176470589,0.3352941176470588
unauthorized_entry,STEC-HGB,0.9058823529411765,0.8647058823529412
tailgating,Flat HGB,0.8527131782945736,0.5813953488372093
tailgating,STEC-HGB,0.8294573643410853,0.7286821705426356
vehicle_mismatch,Flat HGB,0.773109243697479,0.10084033613445378
vehicle_mismatch,STEC-HGB,0.957983193277311,0.8487394957983193
after_hours_access,Flat HGB,0.75,0.6714285714285714
after_hours_access,STEC-HGB,0.7071428571428572,0.15
forced_door,Flat HGB,0.856,0.832
forced_door,STEC-HGB,0.856,0.744
sabotage,Flat HGB,0.7640449438202247,0.6853932584269663
sabotage,STEC-HGB,0.8539325842696629,0.6404494382022472
elevator_override,Flat HGB,0.6413043478260869,0.21739130434782608
elevator_override,STEC-HGB,0.7717391304347826,0.6847826086956522
life_safety,Flat HGB,0.7978723404255319,0.32978723404255317
life_safety,STEC-HGB,0.925531914893617,0.8617021276595744
