Feature,AUPRC decrease,Std
semantic_pair_score,0.36980285019282433,0.020527922177479927
overall_max_conf,0.06121461411313586,0.005122862811948887
spatiotemporal_cohesion,0.0608720327003435,0.004395506262334725
sequence_support,0.036936090267109756,0.0030757918305317302
overall_mean_conf,0.01756117203688734,0.0022433681219593536
total_events,0.01654991235713077,0.0022128927896400315
rule_score,0.005850733141888165,0.000915947345194179
max_camera,0.004923227846784756,0.0005661806311763713
high_risk_evidence,0.004305675632293782,0.0012655546249530538
max_elevator,0.004095478428786131,0.0009901817596986951
max_access,0.004004764532891919,0.0010008142664266356
max_bms,0.0034187129748577683,0.0007873679747975347
temporal_cohesion,0.0030509911080846552,0.0014491531318744121
cross_system_pairs,0.0022101137205745025,0.0008842395400650919
mean_camera,0.00199282558952113,0.0006986837980211105
contradiction_score,0.0017960443598182274,0.000695994538454189
mean_access,0.0016425920849697517,0.00035831720094796777
spatial_mean_distance,0.0016005416597329736,0.0006951925769935809
mean_reliability,0.0015794405663687172,0.0007635537068345378
weighted_confidence,0.001566680345850363,0.0004220334997734132
source_entropy,0.00139018073290878,0.0012911982977567233
maintenance,0.0009531652053327289,0.00013675001527999582
count_access,0.0007086770936207132,0.0002206836373872806
hour_cos,0.0005863724790469149,0.0005041591427158839
count_camera,0.0005768241361847892,0.00016438394095629914
max_parking,0.00040508201307457026,0.0001584615351637231
count_bms,0.00012131427753753199,6.920109954309517e-05
mean_elevator,0.0001172519069186917,0.00017741392118817757
count_parking,1.1121704883321204e-05,1.4534294767727832e-05
after_hours,0.0,0.0
mean_intrusion,-1.1533545029002168e-05,0.00013780881251388973
weekend,-2.5118833947235242e-05,1.3509378310862302e-05
temporal_span,-3.465927420817638e-05,0.001285607512698045
mean_parking,-4.357559811343781e-05,3.3830638013079014e-05
active_systems,-7.31850893029018e-05,1.2964052544028405e-05
mean_bms,-7.987682724086564e-05,0.00016906155728522586
count_elevator,-8.019921852209233e-05,0.00018353588633618793
count_intrusion,-0.0002395786646567366,0.00016159608121777533
hour_sin,-0.0009533205995330141,9.74039116445068e-05
max_intrusion,-0.001597454263508713,0.0004376578664817157
