Condition,Level,Model,AUPRC,F1,FAR
event missingness,0.0,Flat HGB,0.6546471138257293,0.6391509433962265,84.21690396849439
event missingness,0.0,STEC-HGB,0.987018039622915,0.9492635024549918,6.664647076643441
event missingness,0.08,Flat HGB,0.6068029753414885,0.6070528967254408,78.06354009077155
event missingness,0.08,STEC-HGB,0.946123284316278,0.8896551724137931,8.169440242057489
event missingness,0.16,Flat HGB,0.5858923432640831,0.5605263157894737,76.2481089258699
event missingness,0.16,STEC-HGB,0.9148052820179635,0.8479427549194991,8.169440242057489
event missingness,0.24,Flat HGB,0.5172273656968689,0.5250338294993234,74.52287185701303
event missingness,0.24,STEC-HGB,0.8464410669028509,0.7620817843866171,10.299909118448955
event missingness,0.32,Flat HGB,0.4475641875494624,0.4492307692307692,66.34499396863691
event missingness,0.32,STEC-HGB,0.7675353366381364,0.6896551724137931,11.761158021712907
timestamp jitter (s),0.0,Flat HGB,0.6470920894039167,0.6417736289381564,79.31665649786456
timestamp jitter (s),0.0,STEC-HGB,0.977863911652145,0.9249617151607963,8.84685784014643
timestamp jitter (s),8.0,Flat HGB,0.6573544480379099,0.6200676437429538,89.85683825769114
timestamp jitter (s),8.0,STEC-HGB,0.957335851526454,0.8789808917197452,10.660980810234541
timestamp jitter (s),20.0,Flat HGB,0.6625203709068584,0.6228710462287105,79.49029126213593
timestamp jitter (s),20.0,STEC-HGB,0.930492751435486,0.8482632541133455,3.337378640776699
timestamp jitter (s),40.0,Flat HGB,0.6673841362544033,0.6290516206482593,76.80585187442853
timestamp jitter (s),40.0,STEC-HGB,0.8367362393609775,0.6008583690987125,2.1334958854007926
timestamp jitter (s),60.0,Flat HGB,0.6211146617199778,0.5970873786407767,86.73315200967059
timestamp jitter (s),60.0,STEC-HGB,0.6901789250103838,0.35555555555555557,1.5110305228165608
